<?xml version="1.0" encoding="ISO-8859-1" ?><protocol VERSION="1.0"><header><param NAME="fileversion">W08.40</param><param NAME="srv_comp">201804</param><param NAME="srv_codrec">115</param><param NAME="who">BC5E51F5EFA2DD3AEF13BF01B30E0AA87430D8C8</param><param NAME="who_name">LIMA E OLIVEIRA CONTABILIDADE LTDA:30184958000140</param><param NAME="srv_resp">130184958000140</param><param NAME="srv_respname">LIMAEOLIVEIRACONTABILIDADE    </param><param NAME="srv_contact">LENANDA             </param><param NAME="srv_contactfone">006192715318</param><param NAME="srv_basename"/><param NAME="PARAM_NO_TRANSMISSOR">LIMA E OLIVEIRA CONTABILIDADE LTDA:30184958000140</param><param NAME="PARAM_INSC_TRANSMISSOR">130184958000140</param><param NAME="srv_municipio">Brasilia</param><param NAME="srv_uf">DF</param><param NAME="srv_base">BR</param><param NAME="filetype">SFP</param><param NAME="filename">042018</param></header><body VERSION="1.2" SERVICE="RE"><info>C:\Program Files (x86)\CAIXA\Arquivos\KKzLJXa3xVR00004\kkzljxa3xvr00004.sfp</info></body><footer><protocol_date>$PROTOCOL_DATE</protocol_date><protocol_time>$PROTOCOL_TIME</protocol_time><protocol_id>$PROTOCOLO_ID</protocol_id><signature>$PROTOCOL_SIGNATURE</signature><content_id>KKzLJXa3xVR00004</content_id></footer></protocol>